<?xml version="1.0" encoding="UTF-8"?>
<beans xmlns="http://www.springframework.org/schema/beans"
	xmlns:tx="http://www.springframework.org/schema/tx" xmlns:xsi="http://www.w3.org/2001/XMLSchema-instance"
	xsi:schemaLocation="http://www.springframework.org/schema/beans 
	http://www.springframework.org/schema/beans/spring-beans.xsd
	http://www.springframework.org/schema/tx
   http://www.springframework.org/schema/tx/spring-tx-3.0.xsd">


	<bean
		class="org.springframework.beans.factory.config.PropertyPlaceholderConfigurer">
		<property name="location">
			<value>db.properties</value>
		</property>
	</bean>
	<!-- Root Context: defines shared resources visible to all other web components -->
	<bean id="dataSource"
		class="org.springframework.jdbc.datasource.DriverManagerDataSource">
		<property name="driverClassName">
			<value>${driverClassName}</value>
		</property>
		<property name="url">
			<value>${url}</value>
		</property>
		<property name="username">
			<value>${username}</value>
		</property>
		<property name="password">
			<value>${password}</value>
		</property>
	</bean>


	<bean id="jdbcTemplate" class="org.springframework.jdbc.core.JdbcTemplate">
		<property name="dataSource" ref="dataSource"></property>
	</bean>

	<tx:annotation-driven transaction-manager="transactionManager1" />
	<!-- Initialization for TransactionManager -->
	<bean id="transactionManager1"
		class="org.springframework.jdbc.datasource.DataSourceTransactionManager">
		<property name="dataSource" ref="dataSource" />
	</bean>


	<!-- <bean id="transactionManager2" class="org.springframework.jdbc.datasource.DataSourceTransactionManager"> 
		<property name="dataSource" ref="dataSource" /> </bean> -->
	<!-- <bean id="transactionTemplate" class="org.springframework.transaction.support.TransactionTemplate"> 
		<property name="transactionManager" ref="transactionManager"></property> 
		</bean> -->

</beans>
