<?xml version="1.0" encoding="UTF-8"?>
<beans xmlns="http://www.springframework.org/schema/beans"
	xmlns:xsi="http://www.w3.org/2001/XMLSchema-instance" xmlns:security="http://www.springframework.org/schema/security"
	xmlns:context="http://www.springframework.org/schema/context"
	xsi:schemaLocation="http://www.springframework.org/schema/beans
	 http://www.springframework.org/schema/beans/spring-beans.xsd
	 http://www.springframework.org/schema/security
	 http://www.springframework.org/schema/security/spring-security-3.2.xsd
	 http://www.springframework.org/schema/mvc
	 http://www.springframework.org/schema/mvc/spring-mvc.xsd
	 http://www.springframework.org/schema/context 
	 http://www.springframework.org/schema/context/spring-context.xsd
	">


	<context:component-scan base-package="com.mani.banking" />

	<security:http auto-config="true">  
	<security:headers></security:headers>
		<security:intercept-url pattern="/"
			access="IS_AUTHENTICATED_ANONYMOUSLY" />
			<security:intercept-url pattern="/registeruser"
			access="IS_AUTHENTICATED_ANONYMOUSLY" />
			<security:intercept-url pattern="/registerdetails"
			access="IS_AUTHENTICATED_ANONYMOUSLY" />
		<security:intercept-url pattern="/**" access="ROLE_USER,ROLE_MGR" />
		 
		<security:form-login login-page="/"
			default-target-url="/login" authentication-failure-url="/"
			username-parameter="username" password-parameter="password"
			always-use-default-target="true" />
			
			<security:logout invalidate-session="true" logout-success-url="/"/>
	</security:http>




	<security:authentication-manager>
		<security:authentication-provider
			ref="authenticationProvider">
		</security:authentication-provider>
	</security:authentication-manager>
</beans>
